Designator,Val,Package,Mid X,Mid Y,Rotation,Layer
"C1","10uF","C_0805_2012Metric_Pad1.18x1.45mm_HandSolder",145.8000,-117.1000,90.0000,bottom
"C2","0.1uF","C_0603_1608Metric_Pad1.08x0.95mm_HandSolder",140.1400,-92.2000,180.0000,bottom
"C3","0.1uF","C_0603_1608Metric_Pad1.08x0.95mm_HandSolder",140.1400,-95.4000,180.0000,bottom
"C4","100nF","C_0805_2012Metric_Pad1.18x1.45mm_HandSolder",147.9000,-117.1000,90.0000,bottom
"C5","0.1uF","C_0603_1608Metric_Pad1.08x0.95mm_HandSolder",143.7000,-92.3000,180.0000,bottom
"C6","0.1uF","C_0603_1608Metric_Pad1.08x0.95mm_HandSolder",140.2000,-105.9125,180.0000,bottom
"C7","0.1uF","C_0603_1608Metric_Pad1.08x0.95mm_HandSolder",145.3500,-100.8500,-90.0000,bottom
"C8","22nF","C_0603_1608Metric_Pad1.08x0.95mm_HandSolder",139.4000,-111.3125,90.0000,bottom
"C9","39pF","C_0603_1608Metric_Pad1.08x0.95mm_HandSolder",151.8400,-95.0250,-90.0000,bottom
"C10","39pF","C_0603_1608Metric_Pad1.08x0.95mm_HandSolder",152.7000,-102.7250,0.0000,bottom
"C11","22nF","C_0603_1608Metric_Pad1.08x0.95mm_HandSolder",160.3000,-103.4625,-90.0000,bottom
"C12","3pF","C_0603_1608Metric_Pad1.08x0.95mm_HandSolder",158.7000,-107.0625,-90.0000,bottom
"C13","3pF","C_0603_1608Metric_Pad1.08x0.95mm_HandSolder",160.3000,-107.0625,-90.0000,bottom
"C14","0.1uF","C_0603_1608Metric_Pad1.08x0.95mm_HandSolder",156.8000,-108.4625,-90.0000,bottom
"C15","0.1uF","C_0603_1608Metric_Pad1.08x0.95mm_HandSolder",162.2000,-108.4625,90.0000,bottom
"C16","0.1uF","C_0603_1608Metric_Pad1.08x0.95mm_HandSolder",146.7575,-103.4000,180.0000,bottom
"C17","0.1uF","C_0603_1608Metric_Pad1.08x0.95mm_HandSolder",146.8000,-108.9000,0.0000,bottom
"D1","BZV55C-6,2V","D_MiniMELF",143.5000,-116.3000,90.0000,bottom
"D2","20V 1A","D_SOD-123",143.4000,-110.6000,90.0000,bottom
"D3","3.3VWM 0.6pF","D_SOD-523",153.4400,-93.6000,90.0000,bottom
"J1","HEADER_2x12_PARALLEL","Straight_2x12",128.0000,-104.8200,0.0000,top
"J2","HEADER_2x03_PARALLEL","Straight_2x03",145.8000,-125.1700,90.0000,top
"J3","MCX 6GHz 50R","MCX",158.8000,-94.3000,0.0000,top
"L1","8.2nH RF","L_0402_1005Metric",159.5000,-109.3625,0.0000,bottom
"M1","RFShield_TwoPieces","Laird_Technologies_BMI-S-204-F_32.00x32.00mm",148.3200,-104.8200,0.0000,bottom
"M2","HOLE","MountingHole_3mm",128.0000,-84.5000,0.0000,top
"M3","HOLE","MountingHole_3mm",168.6400,-84.5000,0.0000,top
"M4","HOLE","MountingHole_3mm",128.0000,-125.1400,0.0000,top
"M5","HOLE","MountingHole_3mm",168.6400,-125.1400,0.0000,top
"R1","10k","R_0603_1608Metric_Pad0.98x0.95mm_HandSolder",140.1400,-93.8000,180.0000,bottom
"R2","10k","R_0603_1608Metric_Pad0.98x0.95mm_HandSolder",140.1400,-97.0000,180.0000,bottom
"R3","20R","R_0603_1608Metric_Pad0.98x0.95mm_HandSolder",135.9000,-90.8500,180.0000,bottom
"R4","20R","R_0603_1608Metric_Pad0.98x0.95mm_HandSolder",135.9000,-93.3900,180.0000,bottom
"R5","20R","R_0603_1608Metric_Pad0.98x0.95mm_HandSolder",135.9000,-98.4700,180.0000,bottom
"R6","20R","R_0603_1608Metric_Pad0.98x0.95mm_HandSolder",135.9000,-101.0100,180.0000,bottom
"R7","20R","R_0603_1608Metric_Pad0.98x0.95mm_HandSolder",135.9000,-106.0900,180.0000,bottom
"R8","20R","R_0603_1608Metric_Pad0.98x0.95mm_HandSolder",135.9000,-108.6300,180.0000,bottom
"R9","20R","R_0603_1608Metric_Pad0.98x0.95mm_HandSolder",136.0000,-111.1700,180.0000,bottom
"R10","20R","R_0603_1608Metric_Pad0.98x0.95mm_HandSolder",136.0000,-114.1000,180.0000,bottom
"R11","20R","R_0603_1608Metric_Pad0.98x0.95mm_HandSolder",136.0000,-118.9000,180.0000,bottom
"R12","1k","R_0603_1608Metric_Pad0.98x0.95mm_HandSolder",136.0000,-115.7000,0.0000,bottom
"R13","1k","R_0603_1608Metric_Pad0.98x0.95mm_HandSolder",136.0000,-117.3000,0.0000,bottom
"R14","20R","R_0603_1608Metric_Pad0.98x0.95mm_HandSolder",141.0000,-111.3125,-90.0000,bottom
"R15","1k","R_0603_1608Metric_Pad0.98x0.95mm_HandSolder",140.7000,-100.8000,90.0000,bottom
"R16","0R","R_0603_1608Metric_Pad0.98x0.95mm_HandSolder",155.2000,-103.6625,-90.0000,bottom
"R17","10R","R_0603_1608Metric_Pad0.98x0.95mm_HandSolder",156.8000,-112.0625,90.0000,bottom
"R18","10R","R_0603_1608Metric_Pad0.98x0.95mm_HandSolder",162.2000,-112.0625,90.0000,bottom
"R19","0R","R_0603_1608Metric_Pad0.98x0.95mm_HandSolder",157.9600,-117.5625,180.0000,bottom
"R20","1k","R_0603_1608Metric_Pad0.98x0.95mm_HandSolder",144.0975,-106.0000,90.0000,bottom
"SW1","SN74LVC1G3157","SOT-363_SC-70-6",143.6000,-94.6000,0.0000,bottom
"SW2","SN74LVC1G3157","SOT-363_SC-70-6",140.2000,-108.1125,180.0000,bottom
"U1","TLV3542","VSSOP-8_3x3mm_P0.65mm",148.1000,-111.5000,180.0000,bottom
"U2","MCP6566","SOT-353_SC-70-5",143.0000,-100.9000,90.0000,bottom
"U3","BGA2818","SOT-363_SC-70-6",157.7000,-103.4625,180.0000,bottom
"U4","AD8313xRM","MSOP-8_3x3mm_P0.65mm",159.5000,-113.2625,-90.0000,bottom
"U5","MCP4017-104E 100k","SOT-363_SC-70-6",146.4475,-105.9500,-90.0000,bottom
"X1","SF2321D","Filter_SAW-6_3.8x3.8mm",151.8400,-99.3250,-90.0000,bottom
